{
  "lr0": 0.0004465118975867086,
  "weight_decay": 0.000526695253368712,
  "warmup_epochs": 1,
  "mosaic": 0.8603609096800973,
  "mixup": 0.20451311070797243,
  "box": 7.684851652043976,
  "cls": 0.4867776329667799
}